,7.00
A3R5OJR60C6004,10.00
AZ5ZYUCAQ0XDL,11.00
A14EYTLSMJRPUK,11.00
A2HJK77HH1IDTM,10.00
A3VENK02U0X16N,10.00
A1F2APQMJSQVFK,10.00
A2R9OK4M877ZCC,11.00
A1H5Q9HRH4RPZU,10.00
A1BWS5AD2T4NIR,11.00
A3QRZPJT2CT2IK,4.00
A12FTSX85NQ8N9,11.00
A2YHF0DPCO832L,0.00
A2EA2PN47ZWILX,11.00
AO32GL5867YY7,8.00
A2YGOORS5N9RW8,10.00
AXKTYKCT9NGHS,8.00
A3CTXNQ2GXIQSP,11.00
AD1WGUMVD6KED,10.00
AOAZMLP27GD81,10.00
A1Q56N80RJLQ7S,11.00
A2VUAAJHX6ROS9,8.00
A16Z9FSSF1X74O,11.00
A2N9U74YIPDQ9F,4.00
A1I72NHC21347A,11.00
ACRTRQ23XH20E,4.00
A3JGVZEXXELM3C,10.00
A1S5SPI4NQPGSI,12.00
A37JC45Y9GLSA7,8.00
A17Q4QN6UE0EZC,10.00
A1FKEFRPAK2U8L,11.00
A2CEGS0NVDBCPT,10.00
A1WQACYPLESVGL,10.00
A17K1CHOI773VZ,8.00
A1HQ7X89JW75WY,0.00
A27VFM67RPD2L5,10.00
A3JAM040VWXHDO,10.00
A10JXOU89D5RXR,0.00
A2PUL3ZDXOW0VZ,8.00
AJZEXCH1TSUE1,10.00
